{"name":"Hello","identifier":"3WEKYT7FY3","description":"Says hello","parentIntentSignature":null,"sampleUtterances":[{"utterance":"Hi im {name}"},{"utterance":"Hi"},{"utterance":"Hello"},{"utterance":"Yo"}],"intentConfirmationSetting":null,"intentClosingSetting":{"isActive":true,"closingResponse":{"allowInterrupt":true,"messageGroupsList":[{"message":{"plainTextMessage":{"value":"Hello, {name}! I'm Lex"},"customPayload":null,"ssmlMessage":null,"imageResponseCard":null},"variations":null}]}},"inputContexts":null,"outputContexts":null,"kendraConfiguration":null,"dialogCodeHook":null,"fulfillmentCodeHook":{"postFulfillmentStatusSpecification":null,"fulfillmentUpdatesSpecification":null,"enabled":true},"slotPriorities":[{"priority":1,"slotName":"name"}]}