{"name":"Make","identifier":"XRLCE2OCF4","description":null,"slotTypeValues":[{"sampleValue":{"value":"Ford"},"synonyms":[{"value":"ford"},{"value":"FORD"}]},{"sampleValue":{"value":"BMW"},"synonyms":[{"value":"Beamer"},{"value":"Bimmer"},{"value":"Beemer"}]},{"sampleValue":{"value":"Tesla"},"synonyms":null},{"sampleValue":{"value":"Toyota"},"synonyms":null},{"sampleValue":{"value":"Lexus"},"synonyms":null},{"sampleValue":{"value":"GM"},"synonyms":null}],"parentSlotTypeSignature":null,"valueSelectionSetting":{"resolutionStrategy":"TOP_RESOLUTION","regexFilter":null}}