{"name":"Color","identifier":"9UPJBU19V6","description":null,"slotTypeValues":[{"sampleValue":{"value":"Blue"},"synonyms":null},{"sampleValue":{"value":"Green"},"synonyms":null},{"sampleValue":{"value":"Yellow"},"synonyms":null},{"sampleValue":{"value":"Orange"},"synonyms":null},{"sampleValue":{"value":"Red"},"synonyms":null},{"sampleValue":{"value":"Black"},"synonyms":null},{"sampleValue":{"value":"White"},"synonyms":null},{"sampleValue":{"value":"Silver"},"synonyms":null},{"sampleValue":{"value":"Grey"},"synonyms":null}],"parentSlotTypeSignature":null,"valueSelectionSetting":{"resolutionStrategy":"ORIGINAL_VALUE","regexFilter":null}}