{"name":"VehicleInventorySearch","identifier":"KNEWU6BUBU","description":"Looks in inventory to see what vehicles are available matching user request","parentIntentSignature":null,"sampleUtterances":[{"utterance":"i want to buy a car"},{"utterance":"i want to buy a {make}"},{"utterance":"what cars do you have?"},{"utterance":"what {make} do you have?"},{"utterance":"what is your inventory of {make} {vehicleType} "},{"utterance":"do you have any {color} {make} {vehicleType} ?"},{"utterance":"what {color} {vehicleType} do you have?"},{"utterance":"i want a {vehicleType}"}],"intentConfirmationSetting":null,"intentClosingSetting":{"isActive":true,"closingResponse":{"messageGroupsList":[{"message":{"plainTextMessage":{"value":"{vehicleType} {make}"},"customPayload":null,"ssmlMessage":null,"imageResponseCard":null},"variations":null}],"allowInterrupt":true}},"inputContexts":null,"outputContexts":null,"kendraConfiguration":null,"dialogCodeHook":{"enabled":false},"fulfillmentCodeHook":{"fulfillmentUpdatesSpecification":null,"postFulfillmentStatusSpecification":null,"enabled":true},"slotPriorities":[{"priority":3,"slotName":"color"},{"priority":2,"slotName":"vehicleType"},{"priority":1,"slotName":"make"}]}