{"name":"MakePizza","identifier":"0SXTFXXAGN","description":null,"parentIntentSignature":null,"sampleUtterances":[{"utterance":"I want to make a pizza"},{"utterance":"Can i order a pizza"},{"utterance":"I want a pie"},{"utterance":"i want a {topping} pizza"},{"utterance":"i want a {crust} pizza with {topping}"}],"intentConfirmationSetting":null,"intentClosingSetting":{"isActive":true,"closingResponse":{"allowInterrupt":true,"messageGroupsList":[{"message":{"plainTextMessage":{"value":"we have made your pizza with {topping} on it"},"customPayload":null,"ssmlMessage":null,"imageResponseCard":null},"variations":[{"plainTextMessage":{"value":"your {topping} pizza is being made"},"customPayload":null,"ssmlMessage":null,"imageResponseCard":null}]}]}},"inputContexts":null,"outputContexts":null,"kendraConfiguration":null,"dialogCodeHook":null,"fulfillmentCodeHook":{"fulfillmentUpdatesSpecification":null,"postFulfillmentStatusSpecification":null,"enabled":true},"slotPriorities":[{"priority":2,"slotName":"crust"},{"priority":1,"slotName":"topping"},{"priority":3,"slotName":"waitStop"}]}