{"name":"BookTestDrive","identifier":"94ZR5EZTD6","description":"checks vehicle in stock and gets the date and time","parentIntentSignature":null,"sampleUtterances":[{"utterance":"Can I test drive a {make} {vehicleType} on {date} {time} ?"},{"utterance":"I want to book a test drive"},{"utterance":"Can i test drive a {make} {vehicleType}"},{"utterance":"can i schedule a test drive on {date}"},{"utterance":"I want to book a test drive for a {make} {vehicleType} on {date} at {time}"}],"intentConfirmationSetting":null,"intentClosingSetting":{"isActive":true,"closingResponse":{"messageGroupsList":[{"message":{"plainTextMessage":{"value":"Your test drive has been scheduled for {date} at {time} "},"customPayload":null,"ssmlMessage":null,"imageResponseCard":null},"variations":null}],"allowInterrupt":true}},"inputContexts":null,"outputContexts":null,"kendraConfiguration":null,"dialogCodeHook":{"enabled":true},"fulfillmentCodeHook":{"fulfillmentUpdatesSpecification":null,"postFulfillmentStatusSpecification":null,"enabled":true},"slotPriorities":[{"priority":2,"slotName":"vehicleType"},{"priority":4,"slotName":"time"},{"priority":3,"slotName":"date"},{"priority":1,"slotName":"make"}]}