{"name":"topping","identifier":"GAONHRTI3V","description":null,"slotTypeName":"PizzaTopping","obfuscationSetting":null,"valueElicitationSetting":{"defaultValueSpecification":null,"waitAndContinueSpecification":null,"slotConstraint":"Required","promptSpecification":{"maxRetries":4,"allowInterrupt":true,"messageGroupsList":[{"message":{"plainTextMessage":{"value":"what do you want on your pizza?"},"customPayload":null,"ssmlMessage":null,"imageResponseCard":null},"variations":null}]},"sampleUtterances":null},"multipleValuesSetting":null}